symbol,prototype,gate,leverage_mode,event_id,base_leverage,final_leverage,equity_drawdown_before_entry,recent_3_loss_count,gate_high_risk,reason
ETHUSDT,P4_BREAKOUT_TOP20,P4_G1_GATE,adaptive_1x_3x_v1,ETHUSDT_2020-01-08T01:00:00+00:00,1.0,1.0,0.0,0,False,default_1x
ETHUSDT,P4_BREAKOUT_TOP20,P4_G1_GATE,adaptive_1x_3x_v1,ETHUSDT_2020-01-14T17:00:00+00:00,1.0,1.0,0.023217319516474433,1,False,atr_pct_rank_gt_80pct
ETHUSDT,P4_BREAKOUT_TOP20,P4_G1_GATE,adaptive_1x_3x_v1,ETHUSDT_2020-01-17T05:30:00+00:00,1.0,1.0,0.004830393589211446,1,False,default_1x
ETHUSDT,P4_BREAKOUT_TOP20,P4_G1_GATE,adaptive_1x_3x_v1,ETHUSDT_2020-01-26T17:15:00+00:00,1.0,3.0,0.024311743678895437,2,False,all_raise_conditions_met
ETHUSDT,P4_BREAKOUT_TOP20,P4_G1_GATE,adaptive_1x_3x_v1,ETHUSDT_2020-02-02T06:45:00+00:00,1.0,3.0,0.04122141125593426,2,False,all_raise_conditions_met
ETHUSDT,P4_BREAKOUT_TOP20,P4_G1_GATE,adaptive_1x_3x_v1,ETHUSDT_2020-02-05T18:15:00+00:00,1.0,1.0,0.0,2,False,default_1x
ETHUSDT,P4_BREAKOUT_TOP20,P4_G1_GATE,adaptive_1x_3x_v1,ETHUSDT_2020-02-12T00:15:00+00:00,1.0,3.0,0.0,1,False,all_raise_conditions_met
ETHUSDT,P4_BREAKOUT_TOP20,P4_G1_GATE,adaptive_1x_3x_v1,ETHUSDT_2020-02-14T18:15:00+00:00,1.0,1.0,0.0,0,False,atr_pct_rank_gt_80pct
ETHUSDT,P4_BREAKOUT_TOP20,P4_G1_GATE,adaptive_1x_3x_v1,ETHUSDT_2020-03-19T09:30:00+00:00,1.0,1.0,0.015096153975435511,1,False,atr_pct_rank_gt_80pct
ETHUSDT,P4_BREAKOUT_TOP20,P4_G1_GATE,adaptive_1x_3x_v1,ETHUSDT_2020-03-26T23:30:00+00:00,1.0,1.0,0.0,1,False,default_1x
ETHUSDT,P4_BREAKOUT_TOP20,P4_G1_GATE,adaptive_1x_3x_v1,ETHUSDT_2020-04-06T04:15:00+00:00,1.0,3.0,0.01820822286042456,2,False,all_raise_conditions_met
ETHUSDT,P4_BREAKOUT_TOP20,P4_G1_GATE,adaptive_1x_3x_v1,ETHUSDT_2020-04-17T23:30:00+00:00,1.0,3.0,0.0,1,False,all_raise_conditions_met
ETHUSDT,P4_BREAKOUT_TOP20,P4_G1_GATE,adaptive_1x_3x_v1,ETHUSDT_2020-04-18T13:00:00+00:00,1.0,1.0,0.04500968035445285,2,False,default_1x
ETHUSDT,P4_BREAKOUT_TOP20,P4_G1_GATE,adaptive_1x_3x_v1,ETHUSDT_2020-04-22T13:30:00+00:00,1.0,3.0,0.015190443997505909,1,False,all_raise_conditions_met
ETHUSDT,P4_BREAKOUT_TOP20,P4_G1_GATE,adaptive_1x_3x_v1,ETHUSDT_2020-04-25T06:00:00+00:00,1.0,3.0,0.01421409783640104,1,False,all_raise_conditions_met
ETHUSDT,P4_BREAKOUT_TOP20,P4_G1_GATE,adaptive_1x_3x_v1,ETHUSDT_2020-04-29T06:15:00+00:00,1.0,3.0,0.04449729566230043,1,False,all_raise_conditions_met
ETHUSDT,P4_BREAKOUT_TOP20,P4_G1_GATE,adaptive_1x_3x_v1,ETHUSDT_2020-05-03T00:45:00+00:00,1.0,3.0,0.0,1,False,all_raise_conditions_met
ETHUSDT,P4_BREAKOUT_TOP20,P4_G1_GATE,adaptive_1x_3x_v1,ETHUSDT_2020-05-07T18:15:00+00:00,1.0,1.0,0.03794268620152297,2,False,atr_pct_rank_gt_80pct
ETHUSDT,P4_BREAKOUT_TOP20,P4_G1_GATE,adaptive_1x_3x_v1,ETHUSDT_2020-05-13T12:45:00+00:00,1.0,3.0,0.0484680496589841,2,False,all_raise_conditions_met
ETHUSDT,P4_BREAKOUT_TOP20,P4_G1_GATE,adaptive_1x_3x_v1,ETHUSDT_2020-05-17T12:15:00+00:00,1.0,3.0,0.0,2,False,all_raise_conditions_met
ETHUSDT,P4_BREAKOUT_TOP20,P4_G1_GATE,adaptive_1x_3x_v1,ETHUSDT_2020-05-28T15:00:00+00:00,1.0,3.0,0.0,1,False,all_raise_conditions_met
ETHUSDT,P4_BREAKOUT_TOP20,P4_G1_GATE,adaptive_1x_3x_v1,ETHUSDT_2020-05-30T04:00:00+00:00,1.0,3.0,0.0,0,False,all_raise_conditions_met
ETHUSDT,P4_BREAKOUT_TOP20,P4_G1_GATE,adaptive_1x_3x_v1,ETHUSDT_2020-06-08T23:45:00+00:00,1.0,3.0,0.0,0,False,all_raise_conditions_met
ETHUSDT,P4_BREAKOUT_TOP20,P4_G1_GATE,adaptive_1x_3x_v1,ETHUSDT_2020-06-10T18:45:00+00:00,1.0,3.0,0.0326961770278561,1,False,all_raise_conditions_met
ETHUSDT,P4_BREAKOUT_TOP20,P4_G1_GATE,adaptive_1x_3x_v1,ETHUSDT_2020-06-22T16:00:00+00:00,1.0,1.0,0.0694542910641558,2,False,default_1x
ETHUSDT,P4_BREAKOUT_TOP20,P4_G1_GATE,adaptive_1x_3x_v1,ETHUSDT_2020-06-24T04:45:00+00:00,1.0,1.0,0.071911759744959,3,False,recent_3_losses
ETHUSDT,P4_BREAKOUT_TOP20,P4_G1_GATE,adaptive_1x_3x_v1,ETHUSDT_2020-07-06T16:00:00+00:00,1.0,1.0,0.08182290789497404,3,False,recent_3_losses
ETHUSDT,P4_BREAKOUT_TOP20,P4_G1_GATE,adaptive_1x_3x_v1,ETHUSDT_2020-07-19T22:30:00+00:00,1.0,1.0,0.09109976430216704,3,False,recent_3_losses
ETHUSDT,P4_BREAKOUT_TOP20,P4_G1_GATE,adaptive_1x_3x_v1,ETHUSDT_2020-07-21T07:45:00+00:00,1.0,1.0,0.09210450501552692,3,False,recent_3_losses
ETHUSDT,P4_BREAKOUT_TOP20,P4_G1_GATE,adaptive_1x_3x_v1,ETHUSDT_2020-07-22T22:00:00+00:00,1.0,1.0,0.09063443195645815,2,False,default_1x
ETHUSDT,P4_BREAKOUT_TOP20,P4_G1_GATE,adaptive_1x_3x_v1,ETHUSDT_2020-07-25T17:30:00+00:00,1.0,1.0,0.03710520213072699,1,False,default_1x
ETHUSDT,P4_BREAKOUT_TOP20,P4_G1_GATE,adaptive_1x_3x_v1,ETHUSDT_2020-07-30T18:15:00+00:00,1.0,3.0,0.0,0,False,all_raise_conditions_met
ETHUSDT,P4_BREAKOUT_TOP20,P4_G1_GATE,adaptive_1x_3x_v1,ETHUSDT_2020-08-09T00:00:00+00:00,1.0,3.0,0.0,0,False,all_raise_conditions_met
ETHUSDT,P4_BREAKOUT_TOP20,P4_G1_GATE,adaptive_1x_3x_v1,ETHUSDT_2020-08-13T21:00:00+00:00,1.0,1.0,0.0393320254301085,1,False,default_1x
ETHUSDT,P4_BREAKOUT_TOP20,P4_G1_GATE,adaptive_1x_3x_v1,ETHUSDT_2020-08-17T16:00:00+00:00,1.0,1.0,0.013024182596776512,1,False,atr_pct_rank_gt_80pct
ETHUSDT,P4_BREAKOUT_TOP20,P4_G1_GATE,adaptive_1x_3x_v1,ETHUSDT_2020-08-24T08:15:00+00:00,1.0,3.0,0.03194117295770926,2,False,all_raise_conditions_met
ETHUSDT,P4_BREAKOUT_TOP20,P4_G1_GATE,adaptive_1x_3x_v1,ETHUSDT_2020-08-30T13:15:00+00:00,1.0,1.0,0.05397032004639457,2,False,default_1x
ETHUSDT,P4_BREAKOUT_TOP20,P4_G1_GATE,adaptive_1x_3x_v1,ETHUSDT_2020-09-01T06:00:00+00:00,1.0,1.0,0.03196383602940445,2,False,default_1x
ETHUSDT,P4_BREAKOUT_TOP20,P4_G1_GATE,adaptive_1x_3x_v1,ETHUSDT_2020-09-10T01:45:00+00:00,1.0,1.0,0.009562988587253907,1,False,atr_pct_rank_gt_80pct
ETHUSDT,P4_BREAKOUT_TOP20,P4_G1_GATE,adaptive_1x_3x_v1,ETHUSDT_2020-09-12T18:15:00+00:00,1.0,3.0,0.01322725832982774,1,False,all_raise_conditions_met
ETHUSDT,P4_BREAKOUT_TOP20,P4_G1_GATE,adaptive_1x_3x_v1,ETHUSDT_2020-10-09T10:45:00+00:00,1.0,3.0,0.0,1,False,all_raise_conditions_met
ETHUSDT,P4_BREAKOUT_TOP20,P4_G1_GATE,adaptive_1x_3x_v1,ETHUSDT_2020-10-12T13:45:00+00:00,1.0,1.0,0.0,1,False,default_1x
ETHUSDT,P4_BREAKOUT_TOP20,P4_G1_GATE,adaptive_1x_3x_v1,ETHUSDT_2020-10-21T13:45:00+00:00,1.0,3.0,0.0,0,False,all_raise_conditions_met
ETHUSDT,P4_BREAKOUT_TOP20,P4_G1_GATE,adaptive_1x_3x_v1,ETHUSDT_2020-11-06T01:45:00+00:00,1.0,1.0,0.0,0,False,atr_pct_rank_gt_80pct
ETHUSDT,P4_BREAKOUT_TOP20,P4_G1_GATE,adaptive_1x_3x_v1,ETHUSDT_2020-11-11T00:30:00+00:00,1.0,3.0,0.0,0,False,all_raise_conditions_met
ETHUSDT,P4_BREAKOUT_TOP20,P4_G1_GATE,adaptive_1x_3x_v1,ETHUSDT_2020-11-11T16:30:00+00:00,1.0,3.0,0.019666321076368898,1,False,all_raise_conditions_met
ETHUSDT,P4_BREAKOUT_TOP20,P4_G1_GATE,adaptive_1x_3x_v1,ETHUSDT_2020-11-18T00:15:00+00:00,1.0,1.0,0.06759421750859518,2,False,default_1x
ETHUSDT,P4_BREAKOUT_TOP20,P4_G1_GATE,adaptive_1x_3x_v1,ETHUSDT_2020-11-20T02:00:00+00:00,1.0,1.0,0.08504986971322848,3,False,recent_3_losses
ETHUSDT,P4_BREAKOUT_TOP20,P4_G1_GATE,adaptive_1x_3x_v1,ETHUSDT_2020-11-30T00:15:00+00:00,1.0,1.0,0.0,2,False,atr_pct_rank_gt_80pct
ETHUSDT,P4_BREAKOUT_TOP20,P4_G1_GATE,adaptive_1x_3x_v1,ETHUSDT_2020-12-03T08:30:00+00:00,1.0,1.0,0.019912202440600768,2,False,default_1x
ETHUSDT,P4_BREAKOUT_TOP20,P4_G1_GATE,adaptive_1x_3x_v1,ETHUSDT_2020-12-06T23:15:00+00:00,1.0,3.0,0.02252594088674109,2,False,all_raise_conditions_met
ETHUSDT,P4_BREAKOUT_TOP20,P4_G1_GATE,adaptive_1x_3x_v1,ETHUSDT_2020-12-13T16:15:00+00:00,1.0,1.0,0.06783950272968609,3,False,recent_3_losses
ETHUSDT,P4_BREAKOUT_TOP20,P4_G1_GATE,adaptive_1x_3x_v1,ETHUSDT_2020-12-16T14:00:00+00:00,1.0,1.0,0.08236408115329696,3,False,recent_3_losses
ETHUSDT,P4_BREAKOUT_TOP20,P4_G1_GATE,adaptive_1x_3x_v1,ETHUSDT_2020-12-26T16:30:00+00:00,1.0,1.0,0.022325669934017967,2,False,atr_pct_rank_gt_80pct
ETHUSDT,P4_BREAKOUT_TOP20,P4_G1_GATE,adaptive_1x_3x_v1,ETHUSDT_2020-12-30T19:15:00+00:00,1.0,1.0,0.03441049197222801,2,False,default_1x
ETHUSDT,P4_BREAKOUT_TOP20,P4_G1_GATE,adaptive_1x_3x_v1,ETHUSDT_2021-01-03T13:45:00+00:00,1.0,1.0,0.05680959747938885,2,False,atr_pct_rank_gt_80pct
ETHUSDT,P4_BREAKOUT_TOP20,P4_G1_GATE,adaptive_1x_3x_v1,ETHUSDT_2021-01-19T01:30:00+00:00,1.0,1.0,0.0,2,False,atr_pct_rank_gt_80pct
ETHUSDT,P4_BREAKOUT_TOP20,P4_G1_GATE,adaptive_1x_3x_v1,ETHUSDT_2021-01-24T04:00:00+00:00,1.0,1.0,0.0,1,False,atr_pct_rank_gt_80pct
ETHUSDT,P4_BREAKOUT_TOP20,P4_G1_GATE,adaptive_1x_3x_v1,ETHUSDT_2021-01-25T00:30:00+00:00,1.0,1.0,0.0,0,False,atr_pct_rank_gt_80pct
ETHUSDT,P4_BREAKOUT_TOP20,P4_G1_GATE,adaptive_1x_3x_v1,ETHUSDT_2021-01-29T00:30:00+00:00,1.0,1.0,0.03643131181146453,1,False,atr_pct_rank_gt_80pct
ETHUSDT,P4_BREAKOUT_TOP20,P4_G1_GATE,adaptive_1x_3x_v1,ETHUSDT_2021-01-29T09:00:00+00:00,1.0,1.0,0.06381006527456978,2,False,atr_pct_rank_gt_80pct
ETHUSDT,P4_BREAKOUT_TOP20,P4_G1_GATE,adaptive_1x_3x_v1,ETHUSDT_2021-02-02T00:15:00+00:00,1.0,1.0,0.08385057194560375,3,False,recent_3_losses
ETHUSDT,P4_BREAKOUT_TOP20,P4_G1_GATE,adaptive_1x_3x_v1,ETHUSDT_2021-02-02T09:00:00+00:00,1.0,1.0,0.10949342487344649,3,False,drawdown_gt_10pct
ETHUSDT,P4_BREAKOUT_TOP20,P4_G1_GATE,adaptive_1x_3x_v1,ETHUSDT_2021-02-08T13:00:00+00:00,1.0,1.0,0.13921267802781467,3,False,drawdown_gt_10pct
ETHUSDT,P4_BREAKOUT_TOP20,P4_G1_GATE,adaptive_1x_3x_v1,ETHUSDT_2021-02-09T08:15:00+00:00,1.0,1.0,0.16470725290215005,3,False,drawdown_gt_10pct
ETHUSDT,P4_BREAKOUT_TOP20,P4_G1_GATE,adaptive_1x_3x_v1,ETHUSDT_2021-02-18T10:15:00+00:00,1.0,1.0,0.18956999524470852,3,False,drawdown_gt_10pct
ETHUSDT,P4_BREAKOUT_TOP20,P4_G1_GATE,adaptive_1x_3x_v1,ETHUSDT_2021-02-20T04:00:00+00:00,1.0,1.0,0.20758792760005418,3,False,drawdown_gt_20pct
ETHUSDT,P4_BREAKOUT_TOP20,P4_G1_GATE,adaptive_1x_3x_v1,ETHUSDT_2021-03-03T12:45:00+00:00,1.0,1.0,0.2208965594721013,3,False,drawdown_gt_20pct
ETHUSDT,P4_BREAKOUT_TOP20,P4_G1_GATE,adaptive_1x_3x_v1,ETHUSDT_2021-03-06T05:45:00+00:00,1.0,1.0,0.24411746982449944,3,False,drawdown_gt_20pct
ETHUSDT,P4_BREAKOUT_TOP20,P4_G1_GATE,adaptive_1x_3x_v1,ETHUSDT_2021-03-27T00:15:00+00:00,1.0,1.0,0.24830853475943748,3,False,drawdown_gt_20pct
ETHUSDT,P4_BREAKOUT_TOP20,P4_G1_GATE,adaptive_1x_3x_v1,ETHUSDT_2021-03-29T09:00:00+00:00,1.0,1.0,0.2619175560145236,3,False,drawdown_gt_20pct
ETHUSDT,P4_BREAKOUT_TOP20,P4_G1_GATE,adaptive_1x_3x_v1,ETHUSDT_2021-03-31T18:45:00+00:00,1.0,1.0,0.23433447997710943,2,False,drawdown_gt_20pct
ETHUSDT,P4_BREAKOUT_TOP20,P4_G1_GATE,adaptive_1x_3x_v1,ETHUSDT_2021-04-10T02:00:00+00:00,1.0,1.0,0.15745875252801067,1,False,drawdown_gt_10pct
ETHUSDT,P4_BREAKOUT_TOP20,P4_G1_GATE,adaptive_1x_3x_v1,ETHUSDT_2021-04-12T07:00:00+00:00,1.0,1.0,0.13932836097076717,0,False,drawdown_gt_10pct
ETHUSDT,P4_BREAKOUT_TOP20,P4_G1_GATE,adaptive_1x_3x_v1,ETHUSDT_2021-04-21T14:45:00+00:00,1.0,1.0,0.15296850880116575,1,False,drawdown_gt_10pct
ETHUSDT,P4_BREAKOUT_TOP20,P4_G1_GATE,adaptive_1x_3x_v1,ETHUSDT_2021-04-27T14:30:00+00:00,1.0,1.0,0.16458915868656143,2,False,drawdown_gt_10pct
ETHUSDT,P4_BREAKOUT_TOP20,P4_G1_GATE,adaptive_1x_3x_v1,ETHUSDT_2021-05-01T02:15:00+00:00,1.0,1.0,0.1658796554723485,3,False,drawdown_gt_10pct
ETHUSDT,P4_BREAKOUT_TOP20,P4_G1_GATE,adaptive_1x_3x_v1,ETHUSDT_2021-05-03T01:45:00+00:00,1.0,1.0,0.1678904145813338,3,False,drawdown_gt_10pct
ETHUSDT,P4_BREAKOUT_TOP20,P4_G1_GATE,adaptive_1x_3x_v1,ETHUSDT_2021-05-08T13:45:00+00:00,1.0,1.0,0.08633075610177476,2,False,default_1x
ETHUSDT,P4_BREAKOUT_TOP20,P4_G1_GATE,adaptive_1x_3x_v1,ETHUSDT_2021-06-13T20:15:00+00:00,1.0,1.0,0.03086135153884384,1,False,default_1x
ETHUSDT,P4_BREAKOUT_TOP20,P4_G1_GATE,adaptive_1x_3x_v1,ETHUSDT_2021-06-30T18:45:00+00:00,1.0,1.0,0.0364457388342575,1,False,atr_pct_rank_gt_80pct
ETHUSDT,P4_BREAKOUT_TOP20,P4_G1_GATE,adaptive_1x_3x_v1,ETHUSDT_2021-07-04T05:45:00+00:00,1.0,3.0,0.030483869795108753,1,False,all_raise_conditions_met
ETHUSDT,P4_BREAKOUT_TOP20,P4_G1_GATE,adaptive_1x_3x_v1,ETHUSDT_2021-07-07T04:30:00+00:00,1.0,1.0,0.0,1,False,default_1x
ETHUSDT,P4_BREAKOUT_TOP20,P4_G1_GATE,adaptive_1x_3x_v1,ETHUSDT_2021-07-11T21:45:00+00:00,1.0,3.0,0.008663822549252242,1,False,all_raise_conditions_met
ETHUSDT,P4_BREAKOUT_TOP20,P4_G1_GATE,adaptive_1x_3x_v1,ETHUSDT_2021-07-24T04:00:00+00:00,1.0,3.0,0.04866610710332564,2,False,all_raise_conditions_met
ETHUSDT,P4_BREAKOUT_TOP20,P4_G1_GATE,adaptive_1x_3x_v1,ETHUSDT_2021-07-26T00:15:00+00:00,1.0,1.0,0.054074254008407485,3,False,recent_3_losses
ETHUSDT,P4_BREAKOUT_TOP20,P4_G1_GATE,adaptive_1x_3x_v1,ETHUSDT_2021-07-29T23:15:00+00:00,1.0,3.0,0.03122041146053467,2,False,all_raise_conditions_met
ETHUSDT,P4_BREAKOUT_TOP20,P4_G1_GATE,adaptive_1x_3x_v1,ETHUSDT_2021-07-31T20:45:00+00:00,1.0,1.0,0.05026198535608839,2,False,default_1x
ETHUSDT,P4_BREAKOUT_TOP20,P4_G1_GATE,adaptive_1x_3x_v1,ETHUSDT_2021-08-01T20:15:00+00:00,1.0,1.0,0.03245819694660468,1,False,atr_pct_rank_gt_80pct
ETHUSDT,P4_BREAKOUT_TOP20,P4_G1_GATE,adaptive_1x_3x_v1,ETHUSDT_2021-08-04T15:15:00+00:00,1.0,1.0,0.06068913738369541,2,False,atr_pct_rank_gt_80pct
ETHUSDT,P4_BREAKOUT_TOP20,P4_G1_GATE,adaptive_1x_3x_v1,ETHUSDT_2021-08-05T14:15:00+00:00,1.0,1.0,0.06112324944743852,2,False,atr_pct_rank_gt_80pct
ETHUSDT,P4_BREAKOUT_TOP20,P4_G1_GATE,adaptive_1x_3x_v1,ETHUSDT_2021-08-07T04:15:00+00:00,1.0,1.0,0.06714116466625342,3,False,recent_3_losses
ETHUSDT,P4_BREAKOUT_TOP20,P4_G1_GATE,adaptive_1x_3x_v1,ETHUSDT_2021-08-13T20:15:00+00:00,1.0,3.0,0.04528408304244502,2,False,all_raise_conditions_met
ETHUSDT,P4_BREAKOUT_TOP20,P4_G1_GATE,adaptive_1x_3x_v1,ETHUSDT_2021-08-23T03:15:00+00:00,1.0,1.0,0.051844252705987914,2,False,default_1x
ETHUSDT,P4_BREAKOUT_TOP20,P4_G1_GATE,adaptive_1x_3x_v1,ETHUSDT_2021-08-29T01:00:00+00:00,1.0,1.0,0.06963036949421031,2,False,default_1x
ETHUSDT,P4_BREAKOUT_TOP20,P4_G1_GATE,adaptive_1x_3x_v1,ETHUSDT_2021-08-31T11:30:00+00:00,1.0,1.0,0.08124723713571314,3,False,recent_3_losses
ETHUSDT,P4_BREAKOUT_TOP20,P4_G1_GATE,adaptive_1x_3x_v1,ETHUSDT_2021-09-03T09:00:00+00:00,1.0,3.0,0.0,2,False,all_raise_conditions_met
ETHUSDT,P4_BREAKOUT_TOP20,P4_G1_GATE,adaptive_1x_3x_v1,ETHUSDT_2021-09-05T21:00:00+00:00,1.0,3.0,0.0,1,False,all_raise_conditions_met
ETHUSDT,P4_BREAKOUT_TOP20,P4_G1_GATE,adaptive_1x_3x_v1,ETHUSDT_2021-09-15T15:15:00+00:00,1.0,1.0,0.03749242835759048,1,False,default_1x
ETHUSDT,P4_BREAKOUT_TOP20,P4_G1_GATE,adaptive_1x_3x_v1,ETHUSDT_2021-09-16T04:30:00+00:00,1.0,1.0,0.025065302827576463,1,False,default_1x
ETHUSDT,P4_BREAKOUT_TOP20,P4_G1_GATE,adaptive_1x_3x_v1,ETHUSDT_2021-10-01T10:45:00+00:00,1.0,1.0,0.04733232969795864,2,False,atr_pct_rank_gt_80pct
ETHUSDT,P4_BREAKOUT_TOP20,P4_G1_GATE,adaptive_1x_3x_v1,ETHUSDT_2021-10-07T13:45:00+00:00,1.0,1.0,0.003298124830813043,1,False,default_1x
ETHUSDT,P4_BREAKOUT_TOP20,P4_G1_GATE,adaptive_1x_3x_v1,ETHUSDT_2021-10-14T11:15:00+00:00,1.0,3.0,0.026158693727743265,2,False,all_raise_conditions_met
ETHUSDT,P4_BREAKOUT_TOP20,P4_G1_GATE,adaptive_1x_3x_v1,ETHUSDT_2021-10-20T12:45:00+00:00,1.0,3.0,0.0,1,False,all_raise_conditions_met
ETHUSDT,P4_BREAKOUT_TOP20,P4_G1_GATE,adaptive_1x_3x_v1,ETHUSDT_2021-10-21T09:45:00+00:00,1.0,1.0,0.0,1,False,default_1x
ETHUSDT,P4_BREAKOUT_TOP20,P4_G1_GATE,adaptive_1x_3x_v1,ETHUSDT_2021-10-25T16:00:00+00:00,1.0,3.0,0.019968978686528027,1,False,all_raise_conditions_met
ETHUSDT,P4_BREAKOUT_TOP20,P4_G1_GATE,adaptive_1x_3x_v1,ETHUSDT_2021-10-26T20:30:00+00:00,1.0,1.0,0.070172824829276,2,False,default_1x
ETHUSDT,P4_BREAKOUT_TOP20,P4_G1_GATE,adaptive_1x_3x_v1,ETHUSDT_2021-11-03T01:00:00+00:00,1.0,1.0,0.08544656923101579,3,False,recent_3_losses
ETHUSDT,P4_BREAKOUT_TOP20,P4_G1_GATE,adaptive_1x_3x_v1,ETHUSDT_2021-11-08T00:45:00+00:00,1.0,1.0,0.10385013193232373,3,False,drawdown_gt_10pct
ETHUSDT,P4_BREAKOUT_TOP20,P4_G1_GATE,adaptive_1x_3x_v1,ETHUSDT_2021-11-10T14:15:00+00:00,1.0,1.0,0.10194636966207193,2,False,drawdown_gt_10pct
ETHUSDT,P4_BREAKOUT_TOP20,P4_G1_GATE,adaptive_1x_3x_v1,ETHUSDT_2021-11-20T18:30:00+00:00,1.0,1.0,0.1203745599166417,2,False,drawdown_gt_10pct
ETHUSDT,P4_BREAKOUT_TOP20,P4_G1_GATE,adaptive_1x_3x_v1,ETHUSDT_2021-11-25T12:15:00+00:00,1.0,1.0,0.1211344161878154,2,False,drawdown_gt_10pct
ETHUSDT,P4_BREAKOUT_TOP20,P4_G1_GATE,adaptive_1x_3x_v1,ETHUSDT_2022-01-02T17:00:00+00:00,1.0,1.0,0.11472559334149024,2,False,drawdown_gt_10pct
ETHUSDT,P4_BREAKOUT_TOP20,P4_G1_GATE,adaptive_1x_3x_v1,ETHUSDT_2022-01-26T13:30:00+00:00,1.0,1.0,0.12667759839631865,2,False,drawdown_gt_10pct
ETHUSDT,P4_BREAKOUT_TOP20,P4_G1_GATE,adaptive_1x_3x_v1,ETHUSDT_2022-02-06T23:45:00+00:00,1.0,1.0,0.1513948775331314,2,False,drawdown_gt_10pct
ETHUSDT,P4_BREAKOUT_TOP20,P4_G1_GATE,adaptive_1x_3x_v1,ETHUSDT_2022-02-15T01:45:00+00:00,1.0,1.0,0.16659808835739054,3,False,drawdown_gt_10pct
ETHUSDT,P4_BREAKOUT_TOP20,P4_G1_GATE,adaptive_1x_3x_v1,ETHUSDT_2022-02-16T19:30:00+00:00,1.0,1.0,0.14124138247961826,2,False,drawdown_gt_10pct
ETHUSDT,P4_BREAKOUT_TOP20,P4_G1_GATE,adaptive_1x_3x_v1,ETHUSDT_2022-02-25T23:00:00+00:00,1.0,1.0,0.15882976271823157,2,False,drawdown_gt_10pct
ETHUSDT,P4_BREAKOUT_TOP20,P4_G1_GATE,adaptive_1x_3x_v1,ETHUSDT_2022-03-16T02:15:00+00:00,1.0,1.0,0.16941100329558434,2,False,drawdown_gt_10pct
ETHUSDT,P4_BREAKOUT_TOP20,P4_G1_GATE,adaptive_1x_3x_v1,ETHUSDT_2022-03-24T15:00:00+00:00,1.0,1.0,0.18861325065289314,3,False,drawdown_gt_10pct
ETHUSDT,P4_BREAKOUT_TOP20,P4_G1_GATE,adaptive_1x_3x_v1,ETHUSDT_2022-03-27T20:45:00+00:00,1.0,1.0,0.17974482454281193,2,False,drawdown_gt_10pct
ETHUSDT,P4_BREAKOUT_TOP20,P4_G1_GATE,adaptive_1x_3x_v1,ETHUSDT_2022-04-17T13:45:00+00:00,1.0,1.0,0.15080931393069297,1,False,drawdown_gt_10pct
ETHUSDT,P4_BREAKOUT_TOP20,P4_G1_GATE,adaptive_1x_3x_v1,ETHUSDT_2022-05-04T19:00:00+00:00,1.0,1.0,0.15844886740473696,1,False,drawdown_gt_10pct
ETHUSDT,P4_BREAKOUT_TOP20,P4_G1_GATE,adaptive_1x_3x_v1,ETHUSDT_2022-05-30T01:45:00+00:00,1.0,1.0,0.1595780800000931,2,False,drawdown_gt_10pct
ETHUSDT,P4_BREAKOUT_TOP20,P4_G1_GATE,adaptive_1x_3x_v1,ETHUSDT_2022-06-19T19:00:00+00:00,1.0,1.0,0.14266869451545594,2,False,drawdown_gt_10pct
ETHUSDT,P4_BREAKOUT_TOP20,P4_G1_GATE,adaptive_1x_3x_v1,ETHUSDT_2022-06-24T11:45:00+00:00,1.0,1.0,0.1594283763996024,2,False,drawdown_gt_10pct
ETHUSDT,P4_BREAKOUT_TOP20,P4_G1_GATE,adaptive_1x_3x_v1,ETHUSDT_2022-07-04T12:00:00+00:00,1.0,1.0,0.153608819213772,1,False,drawdown_gt_10pct
ETHUSDT,P4_BREAKOUT_TOP20,P4_G1_GATE,adaptive_1x_3x_v1,ETHUSDT_2022-07-06T22:15:00+00:00,1.0,1.0,0.12771764526253582,1,False,drawdown_gt_10pct
ETHUSDT,P4_BREAKOUT_TOP20,P4_G1_GATE,adaptive_1x_3x_v1,ETHUSDT_2022-07-08T01:30:00+00:00,1.0,1.0,0.14672844910665694,1,False,drawdown_gt_10pct
ETHUSDT,P4_BREAKOUT_TOP20,P4_G1_GATE,adaptive_1x_3x_v1,ETHUSDT_2022-07-14T17:30:00+00:00,1.0,1.0,0.1680197493541118,2,False,drawdown_gt_10pct
ETHUSDT,P4_BREAKOUT_TOP20,P4_G1_GATE,adaptive_1x_3x_v1,ETHUSDT_2022-07-16T16:15:00+00:00,1.0,1.0,0.14032413905806407,2,False,drawdown_gt_10pct
ETHUSDT,P4_BREAKOUT_TOP20,P4_G1_GATE,adaptive_1x_3x_v1,ETHUSDT_2022-07-18T02:45:00+00:00,1.0,1.0,0.18451658841145735,2,False,drawdown_gt_10pct
ETHUSDT,P4_BREAKOUT_TOP20,P4_G1_GATE,adaptive_1x_3x_v1,ETHUSDT_2022-07-31T18:15:00+00:00,1.0,1.0,0.15011587175677732,1,False,drawdown_gt_10pct
ETHUSDT,P4_BREAKOUT_TOP20,P4_G1_GATE,adaptive_1x_3x_v1,ETHUSDT_2022-08-08T09:00:00+00:00,1.0,1.0,0.16699045438211813,2,False,drawdown_gt_10pct
ETHUSDT,P4_BREAKOUT_TOP20,P4_G1_GATE,adaptive_1x_3x_v1,ETHUSDT_2022-09-05T23:45:00+00:00,1.0,1.0,0.1749493021289601,2,False,drawdown_gt_10pct
ETHUSDT,P4_BREAKOUT_TOP20,P4_G1_GATE,adaptive_1x_3x_v1,ETHUSDT_2022-10-23T18:00:00+00:00,1.0,1.0,0.18168640038110306,3,False,drawdown_gt_10pct
ETHUSDT,P4_BREAKOUT_TOP20,P4_G1_GATE,adaptive_1x_3x_v1,ETHUSDT_2022-10-29T08:30:00+00:00,1.0,1.0,0.1739855160877437,2,False,drawdown_gt_10pct
ETHUSDT,P4_BREAKOUT_TOP20,P4_G1_GATE,adaptive_1x_3x_v1,ETHUSDT_2022-11-23T02:30:00+00:00,1.0,1.0,0.18445724067544778,2,False,drawdown_gt_10pct
ETHUSDT,P4_BREAKOUT_TOP20,P4_G1_GATE,adaptive_1x_3x_v1,ETHUSDT_2022-11-30T00:45:00+00:00,1.0,1.0,0.1866466631061312,2,False,drawdown_gt_10pct
ETHUSDT,P4_BREAKOUT_TOP20,P4_G1_GATE,adaptive_1x_3x_v1,ETHUSDT_2022-12-08T18:45:00+00:00,1.0,1.0,0.19473704580485762,3,False,drawdown_gt_10pct
ETHUSDT,P4_BREAKOUT_TOP20,P4_G1_GATE,adaptive_1x_3x_v1,ETHUSDT_2022-12-13T13:45:00+00:00,1.0,1.0,0.19377395180417611,2,False,drawdown_gt_10pct
ETHUSDT,P4_BREAKOUT_TOP20,P4_G1_GATE,adaptive_1x_3x_v1,ETHUSDT_2023-01-02T07:15:00+00:00,1.0,1.0,0.2127350274763804,2,False,drawdown_gt_20pct
ETHUSDT,P4_BREAKOUT_TOP20,P4_G1_GATE,adaptive_1x_3x_v1,ETHUSDT_2023-01-04T03:15:00+00:00,1.0,1.0,0.2100134930354156,1,False,drawdown_gt_20pct
ETHUSDT,P4_BREAKOUT_TOP20,P4_G1_GATE,adaptive_1x_3x_v1,ETHUSDT_2023-01-08T16:00:00+00:00,1.0,1.0,0.21219302878859558,2,False,drawdown_gt_20pct
ETHUSDT,P4_BREAKOUT_TOP20,P4_G1_GATE,adaptive_1x_3x_v1,ETHUSDT_2023-01-11T18:15:00+00:00,1.0,1.0,0.2166148325449414,2,False,drawdown_gt_20pct
ETHUSDT,P4_BREAKOUT_TOP20,P4_G1_GATE,adaptive_1x_3x_v1,ETHUSDT_2023-01-13T21:45:00+00:00,1.0,1.0,0.19482391638079455,2,False,drawdown_gt_10pct
ETHUSDT,P4_BREAKOUT_TOP20,P4_G1_GATE,adaptive_1x_3x_v1,ETHUSDT_2023-01-20T16:45:00+00:00,1.0,1.0,0.1533073289421083,1,False,drawdown_gt_10pct
ETHUSDT,P4_BREAKOUT_TOP20,P4_G1_GATE,adaptive_1x_3x_v1,ETHUSDT_2023-02-02T00:45:00+00:00,1.0,1.0,0.12835242416238124,0,False,drawdown_gt_10pct
ETHUSDT,P4_BREAKOUT_TOP20,P4_G1_GATE,adaptive_1x_3x_v1,ETHUSDT_2023-02-04T13:15:00+00:00,1.0,1.0,0.14702884007057082,1,False,drawdown_gt_10pct
ETHUSDT,P4_BREAKOUT_TOP20,P4_G1_GATE,adaptive_1x_3x_v1,ETHUSDT_2023-02-15T19:15:00+00:00,1.0,1.0,0.15555758442097567,2,False,drawdown_gt_10pct
ETHUSDT,P4_BREAKOUT_TOP20,P4_G1_GATE,adaptive_1x_3x_v1,ETHUSDT_2023-02-16T15:45:00+00:00,1.0,1.0,0.11488122149074609,2,False,drawdown_gt_10pct
ETHUSDT,P4_BREAKOUT_TOP20,P4_G1_GATE,adaptive_1x_3x_v1,ETHUSDT_2023-03-12T17:30:00+00:00,1.0,1.0,0.13222332376933776,2,False,drawdown_gt_10pct
ETHUSDT,P4_BREAKOUT_TOP20,P4_G1_GATE,adaptive_1x_3x_v1,ETHUSDT_2023-03-14T12:45:00+00:00,1.0,1.0,0.0923870794435171,1,False,default_1x
ETHUSDT,P4_BREAKOUT_TOP20,P4_G1_GATE,adaptive_1x_3x_v1,ETHUSDT_2023-04-04T11:15:00+00:00,1.0,1.0,0.09653151396323723,2,False,default_1x
ETHUSDT,P4_BREAKOUT_TOP20,P4_G1_GATE,adaptive_1x_3x_v1,ETHUSDT_2023-04-10T17:00:00+00:00,1.0,1.0,0.0883126892308237,1,False,default_1x
ETHUSDT,P4_BREAKOUT_TOP20,P4_G1_GATE,adaptive_1x_3x_v1,ETHUSDT_2023-04-14T00:45:00+00:00,1.0,1.0,0.07780008023401586,1,False,default_1x
ETHUSDT,P4_BREAKOUT_TOP20,P4_G1_GATE,adaptive_1x_3x_v1,ETHUSDT_2023-04-16T19:00:00+00:00,1.0,1.0,0.08785625275204811,1,False,default_1x
ETHUSDT,P4_BREAKOUT_TOP20,P4_G1_GATE,adaptive_1x_3x_v1,ETHUSDT_2023-04-18T11:45:00+00:00,1.0,1.0,0.09843832581368905,2,False,default_1x
ETHUSDT,P4_BREAKOUT_TOP20,P4_G1_GATE,adaptive_1x_3x_v1,ETHUSDT_2023-04-26T12:30:00+00:00,1.0,1.0,0.1064836986943376,3,False,drawdown_gt_10pct
ETHUSDT,P4_BREAKOUT_TOP20,P4_G1_GATE,adaptive_1x_3x_v1,ETHUSDT_2023-04-30T15:15:00+00:00,1.0,1.0,0.12182640005634982,3,False,drawdown_gt_10pct
ETHUSDT,P4_BREAKOUT_TOP20,P4_G1_GATE,adaptive_1x_3x_v1,ETHUSDT_2023-05-03T17:45:00+00:00,1.0,1.0,0.12915609203323375,3,False,drawdown_gt_10pct
ETHUSDT,P4_BREAKOUT_TOP20,P4_G1_GATE,adaptive_1x_3x_v1,ETHUSDT_2023-05-05T16:15:00+00:00,1.0,1.0,0.14148395934907076,3,False,drawdown_gt_10pct
ETHUSDT,P4_BREAKOUT_TOP20,P4_G1_GATE,adaptive_1x_3x_v1,ETHUSDT_2023-05-20T18:00:00+00:00,1.0,1.0,0.1508741246824531,3,False,drawdown_gt_10pct
ETHUSDT,P4_BREAKOUT_TOP20,P4_G1_GATE,adaptive_1x_3x_v1,ETHUSDT_2023-05-22T13:45:00+00:00,1.0,1.0,0.15602251973168424,3,False,drawdown_gt_10pct
ETHUSDT,P4_BREAKOUT_TOP20,P4_G1_GATE,adaptive_1x_3x_v1,ETHUSDT_2023-05-23T01:30:00+00:00,1.0,1.0,0.16210604987742772,3,False,drawdown_gt_10pct
ETHUSDT,P4_BREAKOUT_TOP20,P4_G1_GATE,adaptive_1x_3x_v1,ETHUSDT_2023-05-28T00:45:00+00:00,1.0,1.0,0.15720018158632765,2,False,drawdown_gt_10pct
ETHUSDT,P4_BREAKOUT_TOP20,P4_G1_GATE,adaptive_1x_3x_v1,ETHUSDT_2023-05-28T22:00:00+00:00,1.0,1.0,0.15639197387257986,1,False,drawdown_gt_10pct
ETHUSDT,P4_BREAKOUT_TOP20,P4_G1_GATE,adaptive_1x_3x_v1,ETHUSDT_2023-06-02T19:00:00+00:00,1.0,1.0,0.14369906539960675,0,False,drawdown_gt_10pct
ETHUSDT,P4_BREAKOUT_TOP20,P4_G1_GATE,adaptive_1x_3x_v1,ETHUSDT_2023-06-17T05:45:00+00:00,1.0,1.0,0.14935269466704326,1,False,drawdown_gt_10pct
ETHUSDT,P4_BREAKOUT_TOP20,P4_G1_GATE,adaptive_1x_3x_v1,ETHUSDT_2023-06-19T18:15:00+00:00,1.0,1.0,0.15857582481167964,2,False,drawdown_gt_10pct
ETHUSDT,P4_BREAKOUT_TOP20,P4_G1_GATE,adaptive_1x_3x_v1,ETHUSDT_2023-06-21T16:30:00+00:00,1.0,1.0,0.1711922957048747,3,False,drawdown_gt_10pct
ETHUSDT,P4_BREAKOUT_TOP20,P4_G1_GATE,adaptive_1x_3x_v1,ETHUSDT_2023-06-30T04:45:00+00:00,1.0,1.0,0.16828621567317514,2,False,drawdown_gt_10pct
ETHUSDT,P4_BREAKOUT_TOP20,P4_G1_GATE,adaptive_1x_3x_v1,ETHUSDT_2023-07-02T22:30:00+00:00,1.0,1.0,0.18074200355656367,2,False,drawdown_gt_10pct
ETHUSDT,P4_BREAKOUT_TOP20,P4_G1_GATE,adaptive_1x_3x_v1,ETHUSDT_2023-07-10T18:45:00+00:00,1.0,1.0,0.18927361120334985,2,False,drawdown_gt_10pct
ETHUSDT,P4_BREAKOUT_TOP20,P4_G1_GATE,adaptive_1x_3x_v1,ETHUSDT_2023-07-13T15:30:00+00:00,1.0,1.0,0.19626215539948388,3,False,drawdown_gt_10pct
ETHUSDT,P4_BREAKOUT_TOP20,P4_G1_GATE,adaptive_1x_3x_v1,ETHUSDT_2023-07-29T20:15:00+00:00,1.0,1.0,0.15440512529978279,2,False,drawdown_gt_10pct
ETHUSDT,P4_BREAKOUT_TOP20,P4_G1_GATE,adaptive_1x_3x_v1,ETHUSDT_2023-08-08T18:15:00+00:00,1.0,1.0,0.15761420698184603,2,False,drawdown_gt_10pct
ETHUSDT,P4_BREAKOUT_TOP20,P4_G1_GATE,adaptive_1x_3x_v1,ETHUSDT_2023-08-29T14:45:00+00:00,1.0,1.0,0.16303900701992569,2,False,drawdown_gt_10pct
ETHUSDT,P4_BREAKOUT_TOP20,P4_G1_GATE,adaptive_1x_3x_v1,ETHUSDT_2023-09-07T21:15:00+00:00,1.0,1.0,0.16654191698497,3,False,drawdown_gt_10pct
ETHUSDT,P4_BREAKOUT_TOP20,P4_G1_GATE,adaptive_1x_3x_v1,ETHUSDT_2023-09-14T01:00:00+00:00,1.0,1.0,0.17407306903328468,3,False,drawdown_gt_10pct
ETHUSDT,P4_BREAKOUT_TOP20,P4_G1_GATE,adaptive_1x_3x_v1,ETHUSDT_2023-09-15T22:45:00+00:00,1.0,1.0,0.1813100736365698,3,False,drawdown_gt_10pct
ETHUSDT,P4_BREAKOUT_TOP20,P4_G1_GATE,adaptive_1x_3x_v1,ETHUSDT_2023-09-27T09:45:00+00:00,1.0,1.0,0.18806839789413532,3,False,drawdown_gt_10pct
ETHUSDT,P4_BREAKOUT_TOP20,P4_G1_GATE,adaptive_1x_3x_v1,ETHUSDT_2023-09-28T10:45:00+00:00,1.0,1.0,0.19318466775410215,3,False,drawdown_gt_10pct
ETHUSDT,P4_BREAKOUT_TOP20,P4_G1_GATE,adaptive_1x_3x_v1,ETHUSDT_2023-09-29T07:45:00+00:00,1.0,1.0,0.20100854230712573,3,False,drawdown_gt_20pct
ETHUSDT,P4_BREAKOUT_TOP20,P4_G1_GATE,adaptive_1x_3x_v1,ETHUSDT_2023-10-01T22:30:00+00:00,1.0,1.0,0.20796790851530977,3,False,drawdown_gt_20pct
ETHUSDT,P4_BREAKOUT_TOP20,P4_G1_GATE,adaptive_1x_3x_v1,ETHUSDT_2023-10-16T05:30:00+00:00,1.0,1.0,0.21288337790197032,3,False,drawdown_gt_20pct
ETHUSDT,P4_BREAKOUT_TOP20,P4_G1_GATE,adaptive_1x_3x_v1,ETHUSDT_2023-10-20T08:45:00+00:00,1.0,1.0,0.21903038512274287,3,False,drawdown_gt_20pct
ETHUSDT,P4_BREAKOUT_TOP20,P4_G1_GATE,adaptive_1x_3x_v1,ETHUSDT_2023-10-21T17:45:00+00:00,1.0,1.0,0.22483423325181107,3,False,drawdown_gt_20pct
ETHUSDT,P4_BREAKOUT_TOP20,P4_G1_GATE,adaptive_1x_3x_v1,ETHUSDT_2023-10-22T22:45:00+00:00,1.0,1.0,0.23195080780649346,3,False,drawdown_gt_20pct
ETHUSDT,P4_BREAKOUT_TOP20,P4_G1_GATE,adaptive_1x_3x_v1,ETHUSDT_2023-10-26T07:30:00+00:00,1.0,1.0,0.22373210752441397,2,False,drawdown_gt_20pct
ETHUSDT,P4_BREAKOUT_TOP20,P4_G1_GATE,adaptive_1x_3x_v1,ETHUSDT_2023-10-29T13:00:00+00:00,1.0,1.0,0.23584951114836228,2,False,drawdown_gt_20pct
ETHUSDT,P4_BREAKOUT_TOP20,P4_G1_GATE,adaptive_1x_3x_v1,ETHUSDT_2023-10-30T08:45:00+00:00,1.0,1.0,0.24102068011867972,2,False,drawdown_gt_20pct
ETHUSDT,P4_BREAKOUT_TOP20,P4_G1_GATE,adaptive_1x_3x_v1,ETHUSDT_2023-11-01T19:30:00+00:00,1.0,1.0,0.25116207637311894,3,False,drawdown_gt_20pct
ETHUSDT,P4_BREAKOUT_TOP20,P4_G1_GATE,adaptive_1x_3x_v1,ETHUSDT_2023-11-04T23:00:00+00:00,1.0,1.0,0.2566419929087793,3,False,drawdown_gt_20pct
ETHUSDT,P4_BREAKOUT_TOP20,P4_G1_GATE,adaptive_1x_3x_v1,ETHUSDT_2023-11-05T04:00:00+00:00,1.0,1.0,0.26233433763812797,3,False,drawdown_gt_20pct
ETHUSDT,P4_BREAKOUT_TOP20,P4_G1_GATE,adaptive_1x_3x_v1,ETHUSDT_2023-11-09T15:00:00+00:00,1.0,1.0,0.27188957922543844,3,False,drawdown_gt_20pct
ETHUSDT,P4_BREAKOUT_TOP20,P4_G1_GATE,adaptive_1x_3x_v1,ETHUSDT_2023-11-16T01:00:00+00:00,1.0,1.0,0.23149860976245973,2,False,drawdown_gt_20pct
ETHUSDT,P4_BREAKOUT_TOP20,P4_G1_GATE,adaptive_1x_3x_v1,ETHUSDT_2023-11-19T23:15:00+00:00,1.0,1.0,0.242502833708222,2,False,drawdown_gt_20pct
ETHUSDT,P4_BREAKOUT_TOP20,P4_G1_GATE,adaptive_1x_3x_v1,ETHUSDT_2023-11-24T09:45:00+00:00,1.0,1.0,0.2406046342261986,1,False,drawdown_gt_20pct
ETHUSDT,P4_BREAKOUT_TOP20,P4_G1_GATE,adaptive_1x_3x_v1,ETHUSDT_2023-11-26T07:00:00+00:00,1.0,1.0,0.2502617686248355,2,False,drawdown_gt_20pct
ETHUSDT,P4_BREAKOUT_TOP20,P4_G1_GATE,adaptive_1x_3x_v1,ETHUSDT_2023-12-01T01:30:00+00:00,1.0,1.0,0.2552014436681004,2,False,drawdown_gt_20pct
ETHUSDT,P4_BREAKOUT_TOP20,P4_G1_GATE,adaptive_1x_3x_v1,ETHUSDT_2023-12-02T18:15:00+00:00,1.0,1.0,0.25370293045299064,2,False,drawdown_gt_20pct
ETHUSDT,P4_BREAKOUT_TOP20,P4_G1_GATE,adaptive_1x_3x_v1,ETHUSDT_2023-12-07T15:30:00+00:00,1.0,1.0,0.24391437881201916,1,False,drawdown_gt_20pct
ETHUSDT,P4_BREAKOUT_TOP20,P4_G1_GATE,adaptive_1x_3x_v1,ETHUSDT_2023-12-10T20:45:00+00:00,1.0,1.0,0.2311595232643383,0,False,drawdown_gt_20pct
ETHUSDT,P4_BREAKOUT_TOP20,P4_G1_GATE,adaptive_1x_3x_v1,ETHUSDT_2023-12-27T16:30:00+00:00,1.0,1.0,0.23797713957830013,1,False,drawdown_gt_20pct
ETHUSDT,P4_BREAKOUT_TOP20,P4_G1_GATE,adaptive_1x_3x_v1,ETHUSDT_2024-01-01T18:15:00+00:00,1.0,1.0,0.2550854853657901,2,False,drawdown_gt_20pct
ETHUSDT,P4_BREAKOUT_TOP20,P4_G1_GATE,adaptive_1x_3x_v1,ETHUSDT_2024-01-10T23:15:00+00:00,1.0,1.0,0.2440651110009523,2,False,drawdown_gt_20pct
ETHUSDT,P4_BREAKOUT_TOP20,P4_G1_GATE,adaptive_1x_3x_v1,ETHUSDT_2024-01-16T15:30:00+00:00,1.0,1.0,0.251464355947277,2,False,drawdown_gt_20pct
ETHUSDT,P4_BREAKOUT_TOP20,P4_G1_GATE,adaptive_1x_3x_v1,ETHUSDT_2024-01-28T01:30:00+00:00,1.0,1.0,0.25015197093854247,1,False,drawdown_gt_20pct
ETHUSDT,P4_BREAKOUT_TOP20,P4_G1_GATE,adaptive_1x_3x_v1,ETHUSDT_2024-02-06T16:30:00+00:00,1.0,1.0,0.2548332365666761,2,False,drawdown_gt_20pct
ETHUSDT,P4_BREAKOUT_TOP20,P4_G1_GATE,adaptive_1x_3x_v1,ETHUSDT_2024-02-08T15:30:00+00:00,1.0,1.0,0.25281128250820595,1,False,drawdown_gt_20pct
ETHUSDT,P4_BREAKOUT_TOP20,P4_G1_GATE,adaptive_1x_3x_v1,ETHUSDT_2024-02-09T12:00:00+00:00,1.0,1.0,0.2628278032150465,2,False,drawdown_gt_20pct
ETHUSDT,P4_BREAKOUT_TOP20,P4_G1_GATE,adaptive_1x_3x_v1,ETHUSDT_2024-02-11T04:00:00+00:00,1.0,1.0,0.2661470333610706,2,False,drawdown_gt_20pct
ETHUSDT,P4_BREAKOUT_TOP20,P4_G1_GATE,adaptive_1x_3x_v1,ETHUSDT_2024-02-12T15:45:00+00:00,1.0,1.0,0.27037578497972226,3,False,drawdown_gt_20pct
ETHUSDT,P4_BREAKOUT_TOP20,P4_G1_GATE,adaptive_1x_3x_v1,ETHUSDT_2024-02-14T09:00:00+00:00,1.0,1.0,0.24605796111335143,2,False,drawdown_gt_20pct
ETHUSDT,P4_BREAKOUT_TOP20,P4_G1_GATE,adaptive_1x_3x_v1,ETHUSDT_2024-02-18T19:00:00+00:00,1.0,1.0,0.22929474349900147,1,False,drawdown_gt_20pct
ETHUSDT,P4_BREAKOUT_TOP20,P4_G1_GATE,adaptive_1x_3x_v1,ETHUSDT_2024-02-24T17:45:00+00:00,1.0,1.0,0.20843569349465196,0,False,drawdown_gt_20pct
ETHUSDT,P4_BREAKOUT_TOP20,P4_G1_GATE,adaptive_1x_3x_v1,ETHUSDT_2024-02-26T16:00:00+00:00,1.0,1.0,0.1845311573962899,0,False,drawdown_gt_10pct
ETHUSDT,P4_BREAKOUT_TOP20,P4_G1_GATE,adaptive_1x_3x_v1,ETHUSDT_2024-02-28T17:00:00+00:00,1.0,1.0,0.16429455197084486,0,False,drawdown_gt_10pct
ETHUSDT,P4_BREAKOUT_TOP20,P4_G1_GATE,adaptive_1x_3x_v1,ETHUSDT_2024-03-04T00:30:00+00:00,1.0,1.0,0.18462637476402366,1,False,drawdown_gt_10pct
ETHUSDT,P4_BREAKOUT_TOP20,P4_G1_GATE,adaptive_1x_3x_v1,ETHUSDT_2024-03-27T13:15:00+00:00,1.0,1.0,0.19571733572827754,2,False,drawdown_gt_10pct
ETHUSDT,P4_BREAKOUT_TOP20,P4_G1_GATE,adaptive_1x_3x_v1,ETHUSDT_2024-04-08T07:45:00+00:00,1.0,1.0,0.20850712736257337,3,False,drawdown_gt_20pct
ETHUSDT,P4_BREAKOUT_TOP20,P4_G1_GATE,adaptive_1x_3x_v1,ETHUSDT_2024-04-20T17:30:00+00:00,1.0,1.0,0.1620335969104968,2,False,drawdown_gt_10pct
ETHUSDT,P4_BREAKOUT_TOP20,P4_G1_GATE,adaptive_1x_3x_v1,ETHUSDT_2024-04-24T05:00:00+00:00,1.0,1.0,0.16438871723707382,2,False,drawdown_gt_10pct
ETHUSDT,P4_BREAKOUT_TOP20,P4_G1_GATE,adaptive_1x_3x_v1,ETHUSDT_2024-04-27T17:45:00+00:00,1.0,1.0,0.175420591944901,2,False,drawdown_gt_10pct
ETHUSDT,P4_BREAKOUT_TOP20,P4_G1_GATE,adaptive_1x_3x_v1,ETHUSDT_2024-05-04T11:00:00+00:00,1.0,1.0,0.15980633938713162,2,False,drawdown_gt_10pct
ETHUSDT,P4_BREAKOUT_TOP20,P4_G1_GATE,adaptive_1x_3x_v1,ETHUSDT_2024-05-06T08:30:00+00:00,1.0,1.0,0.16955335703056873,2,False,drawdown_gt_10pct
ETHUSDT,P4_BREAKOUT_TOP20,P4_G1_GATE,adaptive_1x_3x_v1,ETHUSDT_2024-05-20T19:30:00+00:00,1.0,1.0,0.18198099834855386,2,False,drawdown_gt_10pct
ETHUSDT,P4_BREAKOUT_TOP20,P4_G1_GATE,adaptive_1x_3x_v1,ETHUSDT_2024-05-23T12:00:00+00:00,1.0,1.0,0.08884953411444163,2,False,default_1x
ETHUSDT,P4_BREAKOUT_TOP20,P4_G1_GATE,adaptive_1x_3x_v1,ETHUSDT_2024-05-26T04:00:00+00:00,1.0,1.0,0.10821356853762687,2,False,drawdown_gt_10pct
ETHUSDT,P4_BREAKOUT_TOP20,P4_G1_GATE,adaptive_1x_3x_v1,ETHUSDT_2024-05-26T08:15:00+00:00,1.0,1.0,0.1166348966629881,2,False,drawdown_gt_10pct
ETHUSDT,P4_BREAKOUT_TOP20,P4_G1_GATE,adaptive_1x_3x_v1,ETHUSDT_2024-06-16T22:15:00+00:00,1.0,1.0,0.09300552282555741,2,False,default_1x
ETHUSDT,P4_BREAKOUT_TOP20,P4_G1_GATE,adaptive_1x_3x_v1,ETHUSDT_2024-06-30T22:30:00+00:00,1.0,1.0,0.10277845888661985,2,False,drawdown_gt_10pct
ETHUSDT,P4_BREAKOUT_TOP20,P4_G1_GATE,adaptive_1x_3x_v1,ETHUSDT_2024-07-20T17:45:00+00:00,1.0,1.0,0.09931753460768888,1,False,default_1x
ETHUSDT,P4_BREAKOUT_TOP20,P4_G1_GATE,adaptive_1x_3x_v1,ETHUSDT_2024-07-27T13:15:00+00:00,1.0,1.0,0.10981939407884211,2,False,drawdown_gt_10pct
ETHUSDT,P4_BREAKOUT_TOP20,P4_G1_GATE,adaptive_1x_3x_v1,ETHUSDT_2024-08-08T23:00:00+00:00,1.0,1.0,0.11874744817933103,2,False,drawdown_gt_10pct
ETHUSDT,P4_BREAKOUT_TOP20,P4_G1_GATE,adaptive_1x_3x_v1,ETHUSDT_2024-08-11T03:30:00+00:00,1.0,1.0,0.14506695772688816,3,False,drawdown_gt_10pct
ETHUSDT,P4_BREAKOUT_TOP20,P4_G1_GATE,adaptive_1x_3x_v1,ETHUSDT_2024-08-23T05:30:00+00:00,1.0,1.0,0.1508926300042821,3,False,drawdown_gt_10pct
ETHUSDT,P4_BREAKOUT_TOP20,P4_G1_GATE,adaptive_1x_3x_v1,ETHUSDT_2024-08-23T14:15:00+00:00,1.0,1.0,0.1587985328747219,3,False,drawdown_gt_10pct
ETHUSDT,P4_BREAKOUT_TOP20,P4_G1_GATE,adaptive_1x_3x_v1,ETHUSDT_2024-08-23T18:00:00+00:00,1.0,1.0,0.16930367839987737,3,False,drawdown_gt_10pct
ETHUSDT,P4_BREAKOUT_TOP20,P4_G1_GATE,adaptive_1x_3x_v1,ETHUSDT_2024-08-24T16:30:00+00:00,1.0,1.0,0.1658538849803206,2,False,drawdown_gt_10pct
ETHUSDT,P4_BREAKOUT_TOP20,P4_G1_GATE,adaptive_1x_3x_v1,ETHUSDT_2024-09-10T18:45:00+00:00,1.0,1.0,0.1762505303219023,2,False,drawdown_gt_10pct
ETHUSDT,P4_BREAKOUT_TOP20,P4_G1_GATE,adaptive_1x_3x_v1,ETHUSDT_2024-09-13T15:30:00+00:00,1.0,1.0,0.18517938681285295,2,False,drawdown_gt_10pct
ETHUSDT,P4_BREAKOUT_TOP20,P4_G1_GATE,adaptive_1x_3x_v1,ETHUSDT_2024-09-20T04:00:00+00:00,1.0,1.0,0.17794039489699265,2,False,drawdown_gt_10pct
ETHUSDT,P4_BREAKOUT_TOP20,P4_G1_GATE,adaptive_1x_3x_v1,ETHUSDT_2024-09-21T23:45:00+00:00,1.0,1.0,0.17447256964721392,1,False,drawdown_gt_10pct
ETHUSDT,P4_BREAKOUT_TOP20,P4_G1_GATE,adaptive_1x_3x_v1,ETHUSDT_2024-10-07T00:45:00+00:00,1.0,1.0,0.18232025849294775,1,False,drawdown_gt_10pct
ETHUSDT,P4_BREAKOUT_TOP20,P4_G1_GATE,adaptive_1x_3x_v1,ETHUSDT_2024-10-11T19:15:00+00:00,1.0,1.0,0.183336178470918,2,False,drawdown_gt_10pct
ETHUSDT,P4_BREAKOUT_TOP20,P4_G1_GATE,adaptive_1x_3x_v1,ETHUSDT_2024-10-14T03:45:00+00:00,1.0,1.0,0.19318634384197664,3,False,drawdown_gt_10pct
ETHUSDT,P4_BREAKOUT_TOP20,P4_G1_GATE,adaptive_1x_3x_v1,ETHUSDT_2024-10-15T14:00:00+00:00,1.0,1.0,0.16125711569114987,2,False,drawdown_gt_10pct
ETHUSDT,P4_BREAKOUT_TOP20,P4_G1_GATE,adaptive_1x_3x_v1,ETHUSDT_2024-10-20T14:00:00+00:00,1.0,1.0,0.17742376723679265,2,False,drawdown_gt_10pct
ETHUSDT,P4_BREAKOUT_TOP20,P4_G1_GATE,adaptive_1x_3x_v1,ETHUSDT_2024-10-28T10:00:00+00:00,1.0,1.0,0.15945297811877834,1,False,drawdown_gt_10pct
ETHUSDT,P4_BREAKOUT_TOP20,P4_G1_GATE,adaptive_1x_3x_v1,ETHUSDT_2024-10-28T22:15:00+00:00,1.0,1.0,0.171410041977475,2,False,drawdown_gt_10pct
ETHUSDT,P4_BREAKOUT_TOP20,P4_G1_GATE,adaptive_1x_3x_v1,ETHUSDT_2024-10-30T06:15:00+00:00,1.0,1.0,0.16207860865691237,1,False,drawdown_gt_10pct
ETHUSDT,P4_BREAKOUT_TOP20,P4_G1_GATE,adaptive_1x_3x_v1,ETHUSDT_2024-11-06T02:30:00+00:00,1.0,1.0,0.17212909536056697,2,False,drawdown_gt_10pct
ETHUSDT,P4_BREAKOUT_TOP20,P4_G1_GATE,adaptive_1x_3x_v1,ETHUSDT_2024-11-09T05:45:00+00:00,1.0,1.0,0.0913149782761693,1,False,default_1x
ETHUSDT,P4_BREAKOUT_TOP20,P4_G1_GATE,adaptive_1x_3x_v1,ETHUSDT_2024-11-09T23:00:00+00:00,1.0,1.0,0.09258688292565276,2,False,default_1x
ETHUSDT,P4_BREAKOUT_TOP20,P4_G1_GATE,adaptive_1x_3x_v1,ETHUSDT_2024-11-16T12:00:00+00:00,1.0,1.0,0.08134672065542237,1,False,default_1x
ETHUSDT,P4_BREAKOUT_TOP20,P4_G1_GATE,adaptive_1x_3x_v1,ETHUSDT_2024-11-21T12:15:00+00:00,1.0,1.0,0.09588322818697514,2,False,default_1x
ETHUSDT,P4_BREAKOUT_TOP20,P4_G1_GATE,adaptive_1x_3x_v1,ETHUSDT_2024-11-23T08:30:00+00:00,1.0,1.0,0.06426606234462162,1,False,default_1x
ETHUSDT,P4_BREAKOUT_TOP20,P4_G1_GATE,adaptive_1x_3x_v1,ETHUSDT_2024-11-30T06:00:00+00:00,1.0,1.0,0.07709095142479061,2,False,default_1x
ETHUSDT,P4_BREAKOUT_TOP20,P4_G1_GATE,adaptive_1x_3x_v1,ETHUSDT_2024-12-12T03:00:00+00:00,1.0,1.0,0.09144061460511343,2,False,default_1x
ETHUSDT,P4_BREAKOUT_TOP20,P4_G1_GATE,adaptive_1x_3x_v1,ETHUSDT_2024-12-16T17:45:00+00:00,1.0,1.0,0.08820563230219836,2,False,default_1x
ETHUSDT,P4_BREAKOUT_TOP20,P4_G1_GATE,adaptive_1x_3x_v1,ETHUSDT_2025-01-02T04:45:00+00:00,1.0,1.0,0.09837658010303418,2,False,default_1x
ETHUSDT,P4_BREAKOUT_TOP20,P4_G1_GATE,adaptive_1x_3x_v1,ETHUSDT_2025-01-15T13:45:00+00:00,1.0,1.0,0.09306894784128017,1,False,default_1x
ETHUSDT,P4_BREAKOUT_TOP20,P4_G1_GATE,adaptive_1x_3x_v1,ETHUSDT_2025-01-17T20:30:00+00:00,1.0,1.0,0.06225140799766282,1,False,default_1x
ETHUSDT,P4_BREAKOUT_TOP20,P4_G1_GATE,adaptive_1x_3x_v1,ETHUSDT_2025-01-31T11:30:00+00:00,1.0,1.0,0.07171500665795305,1,False,default_1x
ETHUSDT,P4_BREAKOUT_TOP20,P4_G1_GATE,adaptive_1x_3x_v1,ETHUSDT_2025-02-12T22:30:00+00:00,1.0,1.0,0.078205810827639,2,False,default_1x
ETHUSDT,P4_BREAKOUT_TOP20,P4_G1_GATE,adaptive_1x_3x_v1,ETHUSDT_2025-02-17T14:15:00+00:00,1.0,1.0,0.09919192770357399,3,False,recent_3_losses
ETHUSDT,P4_BREAKOUT_TOP20,P4_G1_GATE,adaptive_1x_3x_v1,ETHUSDT_2025-02-21T09:30:00+00:00,1.0,1.0,0.11481265793189543,3,False,drawdown_gt_10pct
ETHUSDT,P4_BREAKOUT_TOP20,P4_G1_GATE,adaptive_1x_3x_v1,ETHUSDT_2025-02-23T23:15:00+00:00,1.0,1.0,0.12741457667508793,3,False,drawdown_gt_10pct
ETHUSDT,P4_BREAKOUT_TOP20,P4_G1_GATE,adaptive_1x_3x_v1,ETHUSDT_2025-03-02T16:45:00+00:00,1.0,1.0,0.13880890564857473,3,False,drawdown_gt_10pct
ETHUSDT,P4_BREAKOUT_TOP20,P4_G1_GATE,adaptive_1x_3x_v1,ETHUSDT_2025-03-19T10:45:00+00:00,1.0,1.0,0.14761341558605734,3,False,drawdown_gt_10pct
ETHUSDT,P4_BREAKOUT_TOP20,P4_G1_GATE,adaptive_1x_3x_v1,ETHUSDT_2025-04-02T15:45:00+00:00,1.0,1.0,0.12547239859402548,2,False,drawdown_gt_10pct
ETHUSDT,P4_BREAKOUT_TOP20,P4_G1_GATE,adaptive_1x_3x_v1,ETHUSDT_2025-04-19T04:30:00+00:00,1.0,1.0,0.14724824780094348,2,False,drawdown_gt_10pct
ETHUSDT,P4_BREAKOUT_TOP20,P4_G1_GATE,adaptive_1x_3x_v1,ETHUSDT_2025-04-22T15:15:00+00:00,1.0,1.0,0.1558035059110464,2,False,drawdown_gt_10pct
ETHUSDT,P4_BREAKOUT_TOP20,P4_G1_GATE,adaptive_1x_3x_v1,ETHUSDT_2025-04-28T10:45:00+00:00,1.0,1.0,0.13339075136136125,2,False,drawdown_gt_10pct
ETHUSDT,P4_BREAKOUT_TOP20,P4_G1_GATE,adaptive_1x_3x_v1,ETHUSDT_2025-05-01T15:15:00+00:00,1.0,1.0,0.14724706431560508,2,False,drawdown_gt_10pct
ETHUSDT,P4_BREAKOUT_TOP20,P4_G1_GATE,adaptive_1x_3x_v1,ETHUSDT_2025-05-03T21:30:00+00:00,1.0,1.0,0.16425994030364233,2,False,drawdown_gt_10pct
ETHUSDT,P4_BREAKOUT_TOP20,P4_G1_GATE,adaptive_1x_3x_v1,ETHUSDT_2025-05-08T03:45:00+00:00,1.0,1.0,0.17136730038762826,3,False,drawdown_gt_10pct
ETHUSDT,P4_BREAKOUT_TOP20,P4_G1_GATE,adaptive_1x_3x_v1,ETHUSDT_2025-05-12T07:15:00+00:00,1.0,1.0,0.0,2,False,default_1x
ETHUSDT,P4_BREAKOUT_TOP20,P4_G1_GATE,adaptive_1x_3x_v1,ETHUSDT_2025-05-27T06:15:00+00:00,1.0,3.0,0.020607971028895,2,False,all_raise_conditions_met
ETHUSDT,P4_BREAKOUT_TOP20,P4_G1_GATE,adaptive_1x_3x_v1,ETHUSDT_2025-05-29T02:30:00+00:00,1.0,1.0,0.0,1,False,default_1x
ETHUSDT,P4_BREAKOUT_TOP20,P4_G1_GATE,adaptive_1x_3x_v1,ETHUSDT_2025-06-09T16:30:00+00:00,1.0,3.0,0.021409792272402806,2,False,all_raise_conditions_met
ETHUSDT,P4_BREAKOUT_TOP20,P4_G1_GATE,adaptive_1x_3x_v1,ETHUSDT_2025-06-10T11:30:00+00:00,1.0,3.0,0.0,1,False,all_raise_conditions_met
ETHUSDT,P4_BREAKOUT_TOP20,P4_G1_GATE,adaptive_1x_3x_v1,ETHUSDT_2025-06-11T14:30:00+00:00,1.0,1.0,0.048141261601153174,2,False,default_1x
ETHUSDT,P4_BREAKOUT_TOP20,P4_G1_GATE,adaptive_1x_3x_v1,ETHUSDT_2025-06-16T05:30:00+00:00,1.0,1.0,0.06916672749037989,2,False,default_1x
ETHUSDT,P4_BREAKOUT_TOP20,P4_G1_GATE,adaptive_1x_3x_v1,ETHUSDT_2025-06-23T22:15:00+00:00,1.0,1.0,0.07008988106276515,3,False,recent_3_losses
ETHUSDT,P4_BREAKOUT_TOP20,P4_G1_GATE,adaptive_1x_3x_v1,ETHUSDT_2025-06-29T22:30:00+00:00,1.0,1.0,0.07808849521025818,3,False,recent_3_losses
ETHUSDT,P4_BREAKOUT_TOP20,P4_G1_GATE,adaptive_1x_3x_v1,ETHUSDT_2025-07-02T16:15:00+00:00,1.0,1.0,0.07760960309518683,2,False,default_1x
ETHUSDT,P4_BREAKOUT_TOP20,P4_G1_GATE,adaptive_1x_3x_v1,ETHUSDT_2025-07-06T21:45:00+00:00,1.0,1.0,0.06694436843914353,1,False,default_1x
ETHUSDT,P4_BREAKOUT_TOP20,P4_G1_GATE,adaptive_1x_3x_v1,ETHUSDT_2025-07-08T17:15:00+00:00,1.0,1.0,0.07957251708968582,1,False,default_1x
ETHUSDT,P4_BREAKOUT_TOP20,P4_G1_GATE,adaptive_1x_3x_v1,ETHUSDT_2025-07-09T18:15:00+00:00,1.0,1.0,0.08679100958226615,2,False,default_1x
ETHUSDT,P4_BREAKOUT_TOP20,P4_G1_GATE,adaptive_1x_3x_v1,ETHUSDT_2025-07-10T21:30:00+00:00,1.0,1.0,0.06963666913886335,2,False,default_1x
ETHUSDT,P4_BREAKOUT_TOP20,P4_G1_GATE,adaptive_1x_3x_v1,ETHUSDT_2025-07-14T03:45:00+00:00,1.0,1.0,0.05644811491720336,1,False,default_1x
ETHUSDT,P4_BREAKOUT_TOP20,P4_G1_GATE,adaptive_1x_3x_v1,ETHUSDT_2025-07-17T21:15:00+00:00,1.0,1.0,0.07276042606410749,1,False,default_1x
ETHUSDT,P4_BREAKOUT_TOP20,P4_G1_GATE,adaptive_1x_3x_v1,ETHUSDT_2025-07-27T10:45:00+00:00,1.0,3.0,0.049471563882808156,1,False,all_raise_conditions_met
ETHUSDT,P4_BREAKOUT_TOP20,P4_G1_GATE,adaptive_1x_3x_v1,ETHUSDT_2025-08-04T13:45:00+00:00,1.0,3.0,0.016940247085234006,1,False,all_raise_conditions_met
ETHUSDT,P4_BREAKOUT_TOP20,P4_G1_GATE,adaptive_1x_3x_v1,ETHUSDT_2025-08-07T10:15:00+00:00,1.0,3.0,0.0,0,False,all_raise_conditions_met
ETHUSDT,P4_BREAKOUT_TOP20,P4_G1_GATE,adaptive_1x_3x_v1,ETHUSDT_2025-08-08T14:00:00+00:00,1.0,3.0,0.0,0,False,all_raise_conditions_met
ETHUSDT,P4_BREAKOUT_TOP20,P4_G1_GATE,adaptive_1x_3x_v1,ETHUSDT_2025-08-09T05:15:00+00:00,1.0,3.0,0.04625349525757494,1,False,all_raise_conditions_met
ETHUSDT,P4_BREAKOUT_TOP20,P4_G1_GATE,adaptive_1x_3x_v1,ETHUSDT_2025-08-12T12:45:00+00:00,1.0,3.0,0.03816510544557872,1,False,all_raise_conditions_met
ETHUSDT,P4_BREAKOUT_TOP20,P4_G1_GATE,adaptive_1x_3x_v1,ETHUSDT_2025-08-22T14:15:00+00:00,1.0,1.0,0.0,1,False,atr_pct_rank_gt_80pct
ETHUSDT,P4_BREAKOUT_TOP20,P4_G1_GATE,adaptive_1x_3x_v1,ETHUSDT_2025-08-24T17:15:00+00:00,1.0,3.0,0.0,0,False,all_raise_conditions_met
ETHUSDT,P4_BREAKOUT_TOP20,P4_G1_GATE,adaptive_1x_3x_v1,ETHUSDT_2025-09-03T14:45:00+00:00,1.0,3.0,0.04875829704229118,1,False,all_raise_conditions_met
ETHUSDT,P4_BREAKOUT_TOP20,P4_G1_GATE,adaptive_1x_3x_v1,ETHUSDT_2025-09-08T13:15:00+00:00,1.0,1.0,0.08448256610223903,2,False,default_1x
ETHUSDT,P4_BREAKOUT_TOP20,P4_G1_GATE,adaptive_1x_3x_v1,ETHUSDT_2025-09-10T12:45:00+00:00,1.0,1.0,0.09485115369915831,3,False,recent_3_losses
ETHUSDT,P4_BREAKOUT_TOP20,P4_G1_GATE,adaptive_1x_3x_v1,ETHUSDT_2025-09-28T22:15:00+00:00,1.0,1.0,0.10327083440630402,3,False,drawdown_gt_10pct
ETHUSDT,P4_BREAKOUT_TOP20,P4_G1_GATE,adaptive_1x_3x_v1,ETHUSDT_2025-10-01T08:45:00+00:00,1.0,1.0,0.10210586623855822,2,False,drawdown_gt_10pct
ETHUSDT,P4_BREAKOUT_TOP20,P4_G1_GATE,adaptive_1x_3x_v1,ETHUSDT_2025-10-26T09:30:00+00:00,1.0,1.0,0.06510261372010662,1,False,default_1x
ETHUSDT,P4_BREAKOUT_TOP20,P4_G1_GATE,adaptive_1x_3x_v1,ETHUSDT_2025-10-26T11:45:00+00:00,1.0,1.0,0.07250128975676873,1,False,default_1x
ETHUSDT,P4_BREAKOUT_TOP20,P4_G1_GATE,adaptive_1x_3x_v1,ETHUSDT_2025-11-09T14:30:00+00:00,1.0,3.0,0.04021426830948194,1,False,all_raise_conditions_met
ETHUSDT,P4_BREAKOUT_TOP20,P4_G1_GATE,adaptive_1x_3x_v1,ETHUSDT_2025-11-24T02:15:00+00:00,1.0,1.0,0.022687472042495882,1,False,default_1x
ETHUSDT,P4_BREAKOUT_TOP20,P4_G1_GATE,adaptive_1x_3x_v1,ETHUSDT_2025-11-24T17:30:00+00:00,1.0,1.0,0.046788383066744044,1,False,atr_pct_rank_gt_80pct
ETHUSDT,P4_BREAKOUT_TOP20,P4_G1_GATE,adaptive_1x_3x_v1,ETHUSDT_2025-11-26T17:45:00+00:00,1.0,1.0,0.04043835984286637,1,False,atr_pct_rank_gt_80pct
ETHUSDT,P4_BREAKOUT_TOP20,P4_G1_GATE,adaptive_1x_3x_v1,ETHUSDT_2025-11-28T09:00:00+00:00,1.0,3.0,0.041972371515791584,2,False,all_raise_conditions_met
ETHUSDT,P4_BREAKOUT_TOP20,P4_G1_GATE,adaptive_1x_3x_v1,ETHUSDT_2025-12-03T14:45:00+00:00,1.0,1.0,0.08576537691349939,2,False,default_1x
ETHUSDT,P4_BREAKOUT_TOP20,P4_G1_GATE,adaptive_1x_3x_v1,ETHUSDT_2025-12-09T15:45:00+00:00,1.0,1.0,0.10657129429410295,3,False,drawdown_gt_10pct
ETHUSDT,P4_BREAKOUT_TOP20,P4_G1_GATE,adaptive_1x_3x_v1,ETHUSDT_2025-12-22T00:15:00+00:00,1.0,1.0,0.08346490131402362,2,False,default_1x
ETHUSDT,P4_BREAKOUT_TOP20,P4_G1_GATE,adaptive_1x_3x_v1,ETHUSDT_2025-12-29T02:15:00+00:00,1.0,1.0,0.09529050364500702,2,False,default_1x
ETHUSDT,P4_BREAKOUT_TOP20,P4_G1_GATE,adaptive_1x_3x_v1,ETHUSDT_2026-01-04T00:15:00+00:00,1.0,1.0,0.10907697209810696,2,False,drawdown_gt_10pct
ETHUSDT,P4_BREAKOUT_TOP20,P4_G1_GATE,adaptive_1x_3x_v1,ETHUSDT_2026-01-06T14:30:00+00:00,1.0,1.0,0.11697477161621861,3,False,drawdown_gt_10pct
ETHUSDT,P4_BREAKOUT_TOP20,P4_G1_GATE,adaptive_1x_3x_v1,ETHUSDT_2026-01-13T22:15:00+00:00,1.0,1.0,0.1277465080614888,3,False,drawdown_gt_10pct
ETHUSDT,P4_BREAKOUT_TOP20,P4_G1_GATE,adaptive_1x_3x_v1,ETHUSDT_2026-01-18T18:30:00+00:00,1.0,1.0,0.1305867905088829,3,False,drawdown_gt_10pct
ETHUSDT,P4_BREAKOUT_TOP20,P4_G1_GATE,adaptive_1x_3x_v1,ETHUSDT_2026-02-25T21:45:00+00:00,1.0,1.0,0.13848660684114222,3,False,drawdown_gt_10pct
ETHUSDT,P4_BREAKOUT_TOP20,P4_G1_GATE,adaptive_1x_3x_v1,ETHUSDT_2026-03-01T02:15:00+00:00,1.0,1.0,0.15999769444238343,3,False,drawdown_gt_10pct
ETHUSDT,P4_BREAKOUT_TOP20,P4_G1_GATE,adaptive_1x_3x_v1,ETHUSDT_2026-03-04T09:00:00+00:00,1.0,1.0,0.18157184621602618,3,False,drawdown_gt_10pct
ETHUSDT,P4_BREAKOUT_TOP20,P4_G1_GATE,adaptive_1x_3x_v1,ETHUSDT_2026-03-09T19:30:00+00:00,1.0,1.0,0.15588731929548127,2,False,drawdown_gt_10pct
ETHUSDT,P4_BREAKOUT_TOP20,P4_G1_GATE,adaptive_1x_3x_v1,ETHUSDT_2026-03-13T00:30:00+00:00,1.0,1.0,0.1737746303091381,2,False,drawdown_gt_10pct
ETHUSDT,P4_BREAKOUT_TOP20,P4_G1_GATE,adaptive_1x_3x_v1,ETHUSDT_2026-03-15T22:45:00+00:00,1.0,1.0,0.1893247493916269,2,False,drawdown_gt_10pct
ETHUSDT,P4_BREAKOUT_TOP20,P4_G1_GATE,adaptive_1x_3x_v1,ETHUSDT_2026-04-05T23:00:00+00:00,1.0,1.0,0.1367457996245618,2,False,drawdown_gt_10pct
ETHUSDT,P4_BREAKOUT_TOP20,P4_G1_GATE,adaptive_1x_3x_v1,ETHUSDT_2026-04-07T23:00:00+00:00,1.0,1.0,0.12080789591096275,1,False,drawdown_gt_10pct
ETHUSDT,P4_BREAKOUT_TOP20,P4_G1_GATE,adaptive_1x_3x_v1,ETHUSDT_2026-04-09T15:45:00+00:00,1.0,1.0,0.11616456776446471,0,False,drawdown_gt_10pct
ETHUSDT,P4_BREAKOUT_TOP20,P4_G1_GATE,adaptive_1x_3x_v1,ETHUSDT_2026-04-11T18:45:00+00:00,1.0,1.0,0.12355745028414167,1,False,drawdown_gt_10pct
ETHUSDT,P4_BREAKOUT_TOP20,P4_G1_GATE,adaptive_1x_3x_v1,ETHUSDT_2026-04-13T22:15:00+00:00,1.0,1.0,0.13712432333714075,2,False,drawdown_gt_10pct
ETHUSDT,P4_BREAKOUT_TOP20,P4_G1_GATE,adaptive_1x_3x_v1,ETHUSDT_2026-04-17T13:15:00+00:00,1.0,1.0,0.11672871561166209,2,False,drawdown_gt_10pct
ETHUSDT,P4_BREAKOUT_TOP20,P4_G1_GATE,adaptive_1x_3x_v1,ETHUSDT_2026-04-26T14:30:00+00:00,1.0,1.0,0.11533874981192982,1,False,drawdown_gt_10pct
ETHUSDT,P4_BREAKOUT_TOP20,P4_G1_GATE,adaptive_1x_3x_v1,ETHUSDT_2026-05-01T12:30:00+00:00,1.0,1.0,0.12220671279760986,1,False,drawdown_gt_10pct
ETHUSDT,P4_BREAKOUT_TOP20,P4_G1_GATE,adaptive_1x_3x_v1,ETHUSDT_2026-05-02T21:45:00+00:00,1.0,1.0,0.12752728170750094,2,False,drawdown_gt_10pct
ETHUSDT,P4_BREAKOUT_TOP20,P4_G1_GATE,adaptive_1x_3x_v1,ETHUSDT_2026-05-06T09:45:00+00:00,1.0,1.0,0.13337093937098765,3,False,drawdown_gt_10pct
ETHUSDT,P4_BREAKOUT_TOP20,P4_G1_GATE,adaptive_1x_3x_v1,ETHUSDT_2026-06-07T22:15:00+00:00,1.0,1.0,0.14369210289411327,3,False,drawdown_gt_10pct
ETHUSDT,P4_BREAKOUT_TOP20,P4_G1_GATE,adaptive_1x_3x_v1,ETHUSDT_2026-06-15T11:30:00+00:00,1.0,1.0,0.1620512920734466,3,False,drawdown_gt_10pct
